analysis_text_policy_note,analysis_text_policy_passed,analysis_text_source,article_url,code_a1,code_a2,code_a3,code_a4,code_a5,code_confidence,code_label,code_note,code_reasons,code_supporting_urls,code_vote_summary,data_a1,data_a2,data_a3,data_a4,data_a5,data_confidence,data_label,data_named_public_benchmark,data_note,data_public_benchmark_name,data_public_benchmark_note,data_public_external_dataset,data_public_external_dataset_note,data_public_external_dataset_type,data_reasons,data_supporting_urls,data_vote_summary,doi,evidence_pointer,judge_vote_summary,main_urls,note,paper_id,phm_relevant,relevance_confidence,relevance_intro_excerpt,relevance_label,relevance_note,relevance_reasons,relevance_review_required,repro_audit_eligible,repro_score,retrieval_status,review_required,source,text_provider,title,track,year
Final labels were computed from extracted full paper text.,True,full_text,https://papers.phmsociety.org/index.php/phmconf/article/view/3144,0,0,0,0,1,0.75,A5,,"[""not_mentioned""]",[],openai/gpt-4o-mini:A5@0.75; anthropic/claude-3.5-haiku:A5@0.70; google/gemini-1.5-flash:A5@0.65,0,1,0,0,0,0.68,A2,False,"To the best of our knowledge, this is the only currently available public data set for internal faults on hydraulic rock drills.",,,False,,,"[""ambiguous_public_claim""]",[],openai/gpt-4o-mini:A2@0.68; anthropic/claude-3.5-haiku:A2@0.63; google/gemini-1.5-flash:A2@0.58,10.36001/phmconf.2022.v14i1.3144,data/processed/phm_society_conf/2022/audit/papers.jsonl#phm-2022-3144,openai/gpt-4o-mini:A5@0.75; anthropic/claude-3.5-haiku:A5@0.70; google/gemini-1.5-flash:A5@0.65 | openai/gpt-4o-mini:A2@0.68; anthropic/claude-3.5-haiku:A2@0.63; google/gemini-1.5-flash:A2@0.58,"[""https://papers.phmsociety.org/index.php/phmconf/article/download/3144/phmc_22_3144""]","To the best of our knowledge, this is the only currently available public data set for internal faults on hydraulic rock drills.",phm-2022-3144,,,,,,[],False,True,3,full_text,False,phm,pypdf,"A Dataset for Fault Classification in Rock Drills, a Fast Oscillating Hydraulic System",Technical Research Papers,2022
Final labels were computed from extracted full paper text.,True,full_text,https://papers.phmsociety.org/index.php/phmconf/article/view/3224,0,0,0,0,1,0.75,A5,,"[""not_mentioned""]",[],openai/gpt-4o-mini:A5@0.75; anthropic/claude-3.5-haiku:A5@0.70; google/gemini-1.5-flash:A5@0.65,0,0,0,0,1,0.75,A5,True,,IMS,"NASA IMS Bearing Dataset The degradation of bearings is considered a nonlinear process, which can be seen from the NASA IMS bearing dataset [Lee, et al.",True,"NASA IMS Bearing Dataset The degradation of bearings is considered a nonlinear process, which can be seen from the NASA IMS bearing dataset [Lee, et al.",named_benchmark,"[""not_mentioned""]",[],openai/gpt-4o-mini:A5@0.75; anthropic/claude-3.5-haiku:A5@0.70; google/gemini-1.5-flash:A5@0.65,10.36001/phmconf.2022.v14i1.3224,data/processed/phm_society_conf/2022/audit/papers.jsonl#phm-2022-3224,openai/gpt-4o-mini:A5@0.75; anthropic/claude-3.5-haiku:A5@0.70; google/gemini-1.5-flash:A5@0.65 | openai/gpt-4o-mini:A5@0.75; anthropic/claude-3.5-haiku:A5@0.70; google/gemini-1.5-flash:A5@0.65,"[""https://papers.phmsociety.org/index.php/phmconf/article/download/3224/phmc_22_3224""]",,phm-2022-3224,,,,,,[],False,True,0,full_text,False,phm,pypdf,Machining Tool and Bearing Failure Analysis Using the Orthogonal Hilbert-Huang Transform on Vibration and Motor Current Datasets,Technical Research Papers,2022
Final labels were computed from extracted full paper text.,True,full_text,https://papers.phmsociety.org/index.php/phmconf/article/view/3148,0,0,0,0,1,0.75,A5,,"[""not_mentioned""]",[],openai/gpt-4o-mini:A5@0.75; anthropic/claude-3.5-haiku:A5@0.70; google/gemini-1.5-flash:A5@0.65,0,0,0,0,1,0.75,A5,False,,,,False,,,"[""not_mentioned""]",[],openai/gpt-4o-mini:A5@0.75; anthropic/claude-3.5-haiku:A5@0.70; google/gemini-1.5-flash:A5@0.65,10.36001/phmconf.2022.v14i1.3148,data/processed/phm_society_conf/2022/audit/papers.jsonl#phm-2022-3148,openai/gpt-4o-mini:A5@0.75; anthropic/claude-3.5-haiku:A5@0.70; google/gemini-1.5-flash:A5@0.65 | openai/gpt-4o-mini:A5@0.75; anthropic/claude-3.5-haiku:A5@0.70; google/gemini-1.5-flash:A5@0.65,"[""https://papers.phmsociety.org/index.php/phmconf/article/download/3148/phmc_22_3148""]",,phm-2022-3148,,,,,,[],False,True,0,full_text,False,phm,pypdf,Towards Predictive Maintenance of a Heavy-Duty Gas Turbine A New Hybrid Intelligent Methodology for Performance Simulation,Technical Research Papers,2022
Final labels were computed from extracted full paper text.,True,full_text,https://papers.phmsociety.org/index.php/phmconf/article/view/3188,0,0,0,0,1,0.75,A5,,"[""not_mentioned""]",[],openai/gpt-4o-mini:A5@0.75; anthropic/claude-3.5-haiku:A5@0.70; google/gemini-1.5-flash:A5@0.65,0,0,0,0,1,0.75,A5,True,,C-MAPSS,"We develop synthetic data to illustrate the data quality scorecard assessment process based on the widely used open source C-MAPSS (Commercial Modular Aero-Propulsion System Simulation) data set, which is simulated data for turbo-fan engine degradation (Saxena et al., 2008).",True,"We develop synthetic data to illustrate the data quality scorecard assessment process based on the widely used open source C-MAPSS (Commercial Modular Aero-Propulsion System Simulation) data set, which is simulated data for turbo-fan engine degradation (Saxena et al., 2008).",named_benchmark,"[""standard_benchmark_link""]",[],openai/gpt-4o-mini:A5@0.75; anthropic/claude-3.5-haiku:A5@0.70; google/gemini-1.5-flash:A5@0.65,10.36001/phmconf.2022.v14i1.3188,data/processed/phm_society_conf/2022/audit/papers.jsonl#phm-2022-3188,openai/gpt-4o-mini:A5@0.75; anthropic/claude-3.5-haiku:A5@0.70; google/gemini-1.5-flash:A5@0.65 | openai/gpt-4o-mini:A5@0.75; anthropic/claude-3.5-haiku:A5@0.70; google/gemini-1.5-flash:A5@0.65,"[""https://papers.phmsociety.org/index.php/phmconf/article/download/3188/phmc_22_3188"", ""https://papers.phmsociety.org/index.php/phmconf/article/download/3188/2057""]",,phm-2022-3188,,,,,,[],False,True,0,full_text,False,phm,pypdf,A Data Quality Scorecard for Assessing the Suitability of Asset Condition Data for Prognostics Modeling,Technical Research Papers,2022
Final labels were computed from extracted full paper text.,True,full_text,https://papers.phmsociety.org/index.php/phmconf/article/view/3156,0,0,0,0,1,0.75,A5,,"[""not_mentioned""]",[],openai/gpt-4o-mini:A5@0.75; anthropic/claude-3.5-haiku:A5@0.70; google/gemini-1.5-flash:A5@0.65,0,0,0,0,1,0.75,A5,True,,PRONOSTIA,"Critical Components’ Selection Methodology of a Microgripper for Intracorporeal Surgegy Liseth Pasaguayo1,2, Zeina Al Masry 1, Sergio Lescano2, and Noureddine Zerhouni 1 1 FEMTO-ST institute, Univ.",True,"Critical Components’ Selection Methodology of a Microgripper for Intracorporeal Surgegy Liseth Pasaguayo1,2, Zeina Al Masry 1, Sergio Lescano2, and Noureddine Zerhouni 1 1 FEMTO-ST institute, Univ.",named_benchmark,"[""not_mentioned""]",[],openai/gpt-4o-mini:A5@0.75; anthropic/claude-3.5-haiku:A5@0.70; google/gemini-1.5-flash:A5@0.65,10.36001/phmconf.2022.v14i1.3156,data/processed/phm_society_conf/2022/audit/papers.jsonl#phm-2022-3156,openai/gpt-4o-mini:A5@0.75; anthropic/claude-3.5-haiku:A5@0.70; google/gemini-1.5-flash:A5@0.65 | openai/gpt-4o-mini:A5@0.75; anthropic/claude-3.5-haiku:A5@0.70; google/gemini-1.5-flash:A5@0.65,"[""https://papers.phmsociety.org/index.php/phmconf/article/download/3156/phmc_22_3156""]",,phm-2022-3156,,,,,,[],False,True,0,full_text,False,phm,pypdf,Critical Components' Selection Methodology of a Microgripper for Intracorporeal Surgery,Technical Research Papers,2022
Final labels were computed from extracted full paper text.,True,full_text,https://papers.phmsociety.org/index.php/phmconf/article/view/3261,0,0,0,0,1,0.75,A5,,"[""not_mentioned""]",[],openai/gpt-4o-mini:A5@0.75; anthropic/claude-3.5-haiku:A5@0.70; google/gemini-1.5-flash:A5@0.65,0,0,0,0,1,0.75,A5,False,,,,False,,,"[""not_mentioned""]",[],openai/gpt-4o-mini:A5@0.75; anthropic/claude-3.5-haiku:A5@0.70; google/gemini-1.5-flash:A5@0.65,10.36001/phmconf.2022.v14i1.3261,data/processed/phm_society_conf/2022/audit/papers.jsonl#phm-2022-3261,openai/gpt-4o-mini:A5@0.75; anthropic/claude-3.5-haiku:A5@0.70; google/gemini-1.5-flash:A5@0.65 | openai/gpt-4o-mini:A5@0.75; anthropic/claude-3.5-haiku:A5@0.70; google/gemini-1.5-flash:A5@0.65,"[""https://papers.phmsociety.org/index.php/phmconf/article/download/3261/phmc_22_3261""]",,phm-2022-3261,,,,,,[],False,True,0,full_text,False,phm,pypdf,Remaining useful life estimation of turbofan engines using adaptive fault detection learning,Technical Research Papers,2022
Final labels were computed from extracted full paper text.,True,full_text,https://papers.phmsociety.org/index.php/phmconf/article/view/3227,0,0,0,0,1,0.75,A5,,"[""not_mentioned""]",[],openai/gpt-4o-mini:A5@0.75; anthropic/claude-3.5-haiku:A5@0.70; google/gemini-1.5-flash:A5@0.65,0,0,0,0,1,0.75,A5,False,,,,False,,,"[""not_mentioned""]",[],openai/gpt-4o-mini:A5@0.75; anthropic/claude-3.5-haiku:A5@0.70; google/gemini-1.5-flash:A5@0.65,10.36001/phmconf.2022.v14i1.3227,data/processed/phm_society_conf/2022/audit/papers.jsonl#phm-2022-3227,openai/gpt-4o-mini:A5@0.75; anthropic/claude-3.5-haiku:A5@0.70; google/gemini-1.5-flash:A5@0.65 | openai/gpt-4o-mini:A5@0.75; anthropic/claude-3.5-haiku:A5@0.70; google/gemini-1.5-flash:A5@0.65,"[""https://papers.phmsociety.org/index.php/phmconf/article/download/3227/phmc_22_3227""]",,phm-2022-3227,,,,,,[],False,True,0,full_text,False,phm,pypdf,Self adaptive learning scheme for Fault prognosis in oil wells and production & service lines,Technical Research Papers,2022
Final labels were computed from extracted full paper text.,True,full_text,https://papers.phmsociety.org/index.php/phmconf/article/view/3256,0,0,0,0,1,0.75,A5,,"[""not_mentioned""]",[],openai/gpt-4o-mini:A5@0.75; anthropic/claude-3.5-haiku:A5@0.70; google/gemini-1.5-flash:A5@0.65,0,0,0,0,1,0.75,A5,False,,,,False,,,"[""not_mentioned""]",[],openai/gpt-4o-mini:A5@0.75; anthropic/claude-3.5-haiku:A5@0.70; google/gemini-1.5-flash:A5@0.65,10.36001/phmconf.2022.v14i1.3256,data/processed/phm_society_conf/2022/audit/papers.jsonl#phm-2022-3256,openai/gpt-4o-mini:A5@0.75; anthropic/claude-3.5-haiku:A5@0.70; google/gemini-1.5-flash:A5@0.65 | openai/gpt-4o-mini:A5@0.75; anthropic/claude-3.5-haiku:A5@0.70; google/gemini-1.5-flash:A5@0.65,"[""https://papers.phmsociety.org/index.php/phmconf/article/download/3256/phmc_22_3256""]",,phm-2022-3256,,,,,,[],False,True,0,full_text,False,phm,pypdf,Integration of Nonlinear Dynamics and Machine learning for Diagnostics of a Single-Stage Gear Box,Technical Research Papers,2022
Final labels were computed from extracted full paper text.,True,full_text,https://papers.phmsociety.org/index.php/phmconf/article/view/3150,0,0,0,0,1,0.75,A5,,"[""not_mentioned""]",[],openai/gpt-4o-mini:A5@0.75; anthropic/claude-3.5-haiku:A5@0.70; google/gemini-1.5-flash:A5@0.65,0,0,0,1,0,0.95,A4,False,"The datasets are acquired by Flanders Make, yet not publicly available.",,,False,,,"[""explicitly_unavailable""]",[],openai/gpt-4o-mini:A4@0.95; anthropic/claude-3.5-haiku:A4@0.90; google/gemini-1.5-flash:A4@0.85,10.36001/phmconf.2022.v14i1.3150,data/processed/phm_society_conf/2022/audit/papers.jsonl#phm-2022-3150,openai/gpt-4o-mini:A5@0.75; anthropic/claude-3.5-haiku:A5@0.70; google/gemini-1.5-flash:A5@0.65 | openai/gpt-4o-mini:A4@0.95; anthropic/claude-3.5-haiku:A4@0.90; google/gemini-1.5-flash:A4@0.85,"[""https://papers.phmsociety.org/index.php/phmconf/article/download/3150/phmc_22_3150""]","The datasets are acquired by Flanders Make, yet not publicly available.",phm-2022-3150,,,,,,[],False,True,1,full_text,False,phm,pypdf,A Discussion on the Differences Between the Cyclic Spectral Correlation and Coherence for Cyclostationarity-Based Condition Monitoring,Technical Research Papers,2022
Final labels were computed from extracted full paper text.,True,full_text,https://papers.phmsociety.org/index.php/phmconf/article/view/3220,0,0,0,0,1,0.75,A5,,"[""not_mentioned""]","[""https://www.kaggle.com/prognosticshse/datasets""]",openai/gpt-4o-mini:A5@0.75; anthropic/claude-3.5-haiku:A5@0.70; google/gemini-1.5-flash:A5@0.65,0,0,0,0,1,0.75,A5,False,,,,False,,,"[""standard_benchmark_link""]","[""https://www.kaggle.com/prognosticshse/datasets""]",openai/gpt-4o-mini:A5@0.75; anthropic/claude-3.5-haiku:A5@0.70; google/gemini-1.5-flash:A5@0.65,10.36001/phmconf.2022.v14i1.3220,data/processed/phm_society_conf/2022/audit/papers.jsonl#phm-2022-3220,openai/gpt-4o-mini:A5@0.75; anthropic/claude-3.5-haiku:A5@0.70; google/gemini-1.5-flash:A5@0.65 | openai/gpt-4o-mini:A5@0.75; anthropic/claude-3.5-haiku:A5@0.70; google/gemini-1.5-flash:A5@0.65,"[""https://papers.phmsociety.org/index.php/phmconf/article/download/3220/phmc_22_3220""]",,phm-2022-3220,,,,,,[],False,True,0,full_text,False,phm,pypdf,Remaining Useful Life Prediction using Gaussian Process Regression Model,Technical Research Papers,2022
Final labels were computed from extracted full paper text.,True,full_text,https://papers.phmsociety.org/index.php/phmconf/article/view/3185,0,0,0,0,1,0.75,A5,,"[""not_mentioned""]",[],openai/gpt-4o-mini:A5@0.75; anthropic/claude-3.5-haiku:A5@0.70; google/gemini-1.5-flash:A5@0.65,0,0,0,0,1,0.75,A5,True,,C-MAPSS,"Thus, for this dataset, a relatively suitable HI can be generated using PCA, and the findings argue that there is no need to develop complicated models for CMAPSS such as deep neural networks (which is what was and is happening nowadays, resulting in tremen dous publications).",True,"Thus, for this dataset, a relatively suitable HI can be generated using PCA, and the findings argue that there is no need to develop complicated models for CMAPSS such as deep neural networks (which is what was and is happening nowadays, resulting in tremen dous publications).",named_benchmark,"[""standard_benchmark_link""]",[],openai/gpt-4o-mini:A5@0.75; anthropic/claude-3.5-haiku:A5@0.70; google/gemini-1.5-flash:A5@0.65,10.36001/phmconf.2022.v14i1.3185,data/processed/phm_society_conf/2022/audit/papers.jsonl#phm-2022-3185,openai/gpt-4o-mini:A5@0.75; anthropic/claude-3.5-haiku:A5@0.70; google/gemini-1.5-flash:A5@0.65 | openai/gpt-4o-mini:A5@0.75; anthropic/claude-3.5-haiku:A5@0.70; google/gemini-1.5-flash:A5@0.65,"[""https://papers.phmsociety.org/index.php/phmconf/article/download/3185/phmc_22_3185""]",,phm-2022-3185,,,,,,[],False,True,0,full_text,False,phm,pypdf,Interpretable Neural Network with Limited Weights for Constructing Simple and Explainable HI using SHM Data,Technical Research Papers,2022
Final labels were computed from extracted full paper text.,True,full_text,https://papers.phmsociety.org/index.php/phmconf/article/view/3251,0,0,0,0,1,0.75,A5,,"[""not_mentioned""]",[],openai/gpt-4o-mini:A5@0.75; anthropic/claude-3.5-haiku:A5@0.70; google/gemini-1.5-flash:A5@0.65,0,0,0,0,1,0.75,A5,False,,,,False,,,"[""not_mentioned""]",[],openai/gpt-4o-mini:A5@0.75; anthropic/claude-3.5-haiku:A5@0.70; google/gemini-1.5-flash:A5@0.65,10.36001/phmconf.2022.v14i1.3251,data/processed/phm_society_conf/2022/audit/papers.jsonl#phm-2022-3251,openai/gpt-4o-mini:A5@0.75; anthropic/claude-3.5-haiku:A5@0.70; google/gemini-1.5-flash:A5@0.65 | openai/gpt-4o-mini:A5@0.75; anthropic/claude-3.5-haiku:A5@0.70; google/gemini-1.5-flash:A5@0.65,"[""https://papers.phmsociety.org/index.php/phmconf/article/download/3251/phmc_22_3251""]",,phm-2022-3251,,,,,,[],False,True,0,full_text,False,phm,pypdf,Variable Perturbation Based Fault Diagnosis for Industrial Process,Technical Research Papers,2022
Final labels were computed from extracted full paper text.,True,full_text,https://papers.phmsociety.org/index.php/phmconf/article/view/3145,0,0,0,0,1,0.75,A5,,"[""not_mentioned""]",[],openai/gpt-4o-mini:A5@0.75; anthropic/claude-3.5-haiku:A5@0.70; google/gemini-1.5-flash:A5@0.65,0,0,0,0,1,0.75,A5,False,,,,False,,,"[""not_mentioned""]",[],openai/gpt-4o-mini:A5@0.75; anthropic/claude-3.5-haiku:A5@0.70; google/gemini-1.5-flash:A5@0.65,10.36001/phmconf.2022.v14i1.3145,data/processed/phm_society_conf/2022/audit/papers.jsonl#phm-2022-3145,openai/gpt-4o-mini:A5@0.75; anthropic/claude-3.5-haiku:A5@0.70; google/gemini-1.5-flash:A5@0.65 | openai/gpt-4o-mini:A5@0.75; anthropic/claude-3.5-haiku:A5@0.70; google/gemini-1.5-flash:A5@0.65,"[""https://papers.phmsociety.org/index.php/phmconf/article/download/3145/phmc_22_3145""]",,phm-2022-3145,,,,,,[],False,True,0,full_text,False,phm,pypdf,A New Data Processing Method for Acoustic Emission Signals for Metalworking Fluid Classification,Technical Research Papers,2022
Final labels were computed from extracted full paper text.,True,full_text,https://papers.phmsociety.org/index.php/phmconf/article/view/3216,0,0,0,0,1,0.75,A5,,"[""not_mentioned""]",[],openai/gpt-4o-mini:A5@0.75; anthropic/claude-3.5-haiku:A5@0.70; google/gemini-1.5-flash:A5@0.65,0,0,0,0,1,0.75,A5,False,,,,False,,,"[""not_mentioned""]",[],openai/gpt-4o-mini:A5@0.75; anthropic/claude-3.5-haiku:A5@0.70; google/gemini-1.5-flash:A5@0.65,10.36001/phmconf.2022.v14i1.3216,data/processed/phm_society_conf/2022/audit/papers.jsonl#phm-2022-3216,openai/gpt-4o-mini:A5@0.75; anthropic/claude-3.5-haiku:A5@0.70; google/gemini-1.5-flash:A5@0.65 | openai/gpt-4o-mini:A5@0.75; anthropic/claude-3.5-haiku:A5@0.70; google/gemini-1.5-flash:A5@0.65,"[""https://papers.phmsociety.org/index.php/phmconf/article/download/3216/phmc_22_3216""]",,phm-2022-3216,,,,,,[],False,True,0,full_text,False,phm,pypdf,Unsupervised Data-Driven Approach for Fault Diagnostic of Spacecraft Gyroscope,Technical Research Papers,2022
Final labels were computed from extracted full paper text.,True,full_text,https://papers.phmsociety.org/index.php/phmconf/article/view/3178,0,0,0,0,1,0.75,A5,,"[""not_mentioned""]",[],openai/gpt-4o-mini:A5@0.75; anthropic/claude-3.5-haiku:A5@0.70; google/gemini-1.5-flash:A5@0.65,0,0,0,0,1,0.75,A5,False,,,,False,,,"[""not_mentioned""]",[],openai/gpt-4o-mini:A5@0.75; anthropic/claude-3.5-haiku:A5@0.70; google/gemini-1.5-flash:A5@0.65,10.36001/phmconf.2022.v14i1.3178,data/processed/phm_society_conf/2022/audit/papers.jsonl#phm-2022-3178,openai/gpt-4o-mini:A5@0.75; anthropic/claude-3.5-haiku:A5@0.70; google/gemini-1.5-flash:A5@0.65 | openai/gpt-4o-mini:A5@0.75; anthropic/claude-3.5-haiku:A5@0.70; google/gemini-1.5-flash:A5@0.65,"[""https://papers.phmsociety.org/index.php/phmconf/article/download/3178/phmc_22_3178""]",,phm-2022-3178,,,,,,[],False,True,0,full_text,False,phm,pypdf,ML Detection and Isolation of Functional Failures using Syndrome Diagnostics,Technical Research Papers,2022
Final labels were computed from extracted full paper text.,True,full_text,https://papers.phmsociety.org/index.php/phmconf/article/view/3245,0,0,0,0,1,0.75,A5,,"[""not_mentioned""]",[],openai/gpt-4o-mini:A5@0.75; anthropic/claude-3.5-haiku:A5@0.70; google/gemini-1.5-flash:A5@0.65,0,0,0,0,1,0.75,A5,False,,,,False,,,"[""not_mentioned""]",[],openai/gpt-4o-mini:A5@0.75; anthropic/claude-3.5-haiku:A5@0.70; google/gemini-1.5-flash:A5@0.65,10.36001/phmconf.2022.v14i1.3245,data/processed/phm_society_conf/2022/audit/papers.jsonl#phm-2022-3245,openai/gpt-4o-mini:A5@0.75; anthropic/claude-3.5-haiku:A5@0.70; google/gemini-1.5-flash:A5@0.65 | openai/gpt-4o-mini:A5@0.75; anthropic/claude-3.5-haiku:A5@0.70; google/gemini-1.5-flash:A5@0.65,"[""https://papers.phmsociety.org/index.php/phmconf/article/download/3245/phmc_22_3245""]",,phm-2022-3245,,,,,,[],False,True,0,full_text,False,phm,pypdf,Investigation of the Vibration Induced Harness Failure,Technical Research Papers,2022
Final labels were computed from extracted full paper text.,True,full_text,https://papers.phmsociety.org/index.php/phmconf/article/view/3214,0,0,0,0,1,0.75,A5,,"[""not_mentioned""]",[],openai/gpt-4o-mini:A5@0.75; anthropic/claude-3.5-haiku:A5@0.70; google/gemini-1.5-flash:A5@0.65,0,0,0,0,1,0.75,A5,False,,,,False,,,"[""not_mentioned""]",[],openai/gpt-4o-mini:A5@0.75; anthropic/claude-3.5-haiku:A5@0.70; google/gemini-1.5-flash:A5@0.65,10.36001/phmconf.2022.v14i1.3214,data/processed/phm_society_conf/2022/audit/papers.jsonl#phm-2022-3214,openai/gpt-4o-mini:A5@0.75; anthropic/claude-3.5-haiku:A5@0.70; google/gemini-1.5-flash:A5@0.65 | openai/gpt-4o-mini:A5@0.75; anthropic/claude-3.5-haiku:A5@0.70; google/gemini-1.5-flash:A5@0.65,"[""https://papers.phmsociety.org/index.php/phmconf/article/download/3214/phmc_22_3214""]",,phm-2022-3214,,,,,,[],False,True,0,full_text,False,phm,pypdf,Data Analytics and Visualization Application for Asset Health Monitoring,Technical Research Papers,2022
Final labels were computed from extracted full paper text.,True,full_text,https://papers.phmsociety.org/index.php/phmconf/article/view/3382,0,0,0,0,1,0.75,A5,,"[""not_mentioned""]",[],openai/gpt-4o-mini:A5@0.75; anthropic/claude-3.5-haiku:A5@0.70; google/gemini-1.5-flash:A5@0.65,0,0,0,0,1,0.75,A5,False,,,,False,,,"[""not_mentioned""]",[],openai/gpt-4o-mini:A5@0.75; anthropic/claude-3.5-haiku:A5@0.70; google/gemini-1.5-flash:A5@0.65,10.36001/phmconf.2022.v14i1.3382,data/processed/phm_society_conf/2022/audit/papers.jsonl#phm-2022-3382,openai/gpt-4o-mini:A5@0.75; anthropic/claude-3.5-haiku:A5@0.70; google/gemini-1.5-flash:A5@0.65 | openai/gpt-4o-mini:A5@0.75; anthropic/claude-3.5-haiku:A5@0.70; google/gemini-1.5-flash:A5@0.65,"[""https://papers.phmsociety.org/index.php/phmconf/article/download/3382/phmc_22_3382""]",,phm-2022-3382,,,,,,[],False,True,0,full_text,False,phm,pypdf,A Statistical Classification Approach to Valve Condition Monitoring Using Pressure Features,Technical Research Papers,2022
Final labels were computed from extracted full paper text.,True,full_text,https://papers.phmsociety.org/index.php/phmconf/article/view/3176,0,0,0,0,1,0.75,A5,,"[""not_mentioned""]",[],openai/gpt-4o-mini:A5@0.75; anthropic/claude-3.5-haiku:A5@0.70; google/gemini-1.5-flash:A5@0.65,0,0,0,0,1,0.75,A5,False,,,,False,,,"[""not_mentioned""]",[],openai/gpt-4o-mini:A5@0.75; anthropic/claude-3.5-haiku:A5@0.70; google/gemini-1.5-flash:A5@0.65,10.36001/phmconf.2022.v14i1.3176,data/processed/phm_society_conf/2022/audit/papers.jsonl#phm-2022-3176,openai/gpt-4o-mini:A5@0.75; anthropic/claude-3.5-haiku:A5@0.70; google/gemini-1.5-flash:A5@0.65 | openai/gpt-4o-mini:A5@0.75; anthropic/claude-3.5-haiku:A5@0.70; google/gemini-1.5-flash:A5@0.65,"[""https://papers.phmsociety.org/index.php/phmconf/article/download/3176/phmc_22_3176""]",,phm-2022-3176,,,,,,[],False,True,0,full_text,False,phm,pypdf,Development of an End State Vision to Implement Digital Monitoring in Nuclear Plants,Technical Research Papers,2022
Final labels were computed from extracted full paper text.,True,full_text,https://papers.phmsociety.org/index.php/phmconf/article/view/3241,0,0,0,0,1,0.75,A5,,"[""not_mentioned""]","[""https://www.sbert.net/""]",openai/gpt-4o-mini:A5@0.75; anthropic/claude-3.5-haiku:A5@0.70; google/gemini-1.5-flash:A5@0.65,0,0,0,0,1,0.75,A5,False,,,,False,,,"[""not_mentioned""]","[""https://www.sbert.net/""]",openai/gpt-4o-mini:A5@0.75; anthropic/claude-3.5-haiku:A5@0.70; google/gemini-1.5-flash:A5@0.65,10.36001/phmconf.2022.v14i1.3241,data/processed/phm_society_conf/2022/audit/papers.jsonl#phm-2022-3241,openai/gpt-4o-mini:A5@0.75; anthropic/claude-3.5-haiku:A5@0.70; google/gemini-1.5-flash:A5@0.65 | openai/gpt-4o-mini:A5@0.75; anthropic/claude-3.5-haiku:A5@0.70; google/gemini-1.5-flash:A5@0.65,"[""https://papers.phmsociety.org/index.php/phmconf/article/download/3241/phmc_22_3241""]",,phm-2022-3241,,,,,,[],False,True,0,full_text,False,phm,pypdf,Generating Semantic Matches Between Maintenance Work Orders for Diagnostic Decision Support,Technical Research Papers,2022
Final labels were computed from extracted full paper text.,True,full_text,https://papers.phmsociety.org/index.php/phmconf/article/view/3207,0,0,0,0,1,0.75,A5,,"[""not_mentioned""]",[],openai/gpt-4o-mini:A5@0.75; anthropic/claude-3.5-haiku:A5@0.70; google/gemini-1.5-flash:A5@0.65,0,0,0,0,1,0.75,A5,False,,,,False,,,"[""not_mentioned""]",[],openai/gpt-4o-mini:A5@0.75; anthropic/claude-3.5-haiku:A5@0.70; google/gemini-1.5-flash:A5@0.65,10.36001/phmconf.2022.v14i1.3207,data/processed/phm_society_conf/2022/audit/papers.jsonl#phm-2022-3207,openai/gpt-4o-mini:A5@0.75; anthropic/claude-3.5-haiku:A5@0.70; google/gemini-1.5-flash:A5@0.65 | openai/gpt-4o-mini:A5@0.75; anthropic/claude-3.5-haiku:A5@0.70; google/gemini-1.5-flash:A5@0.65,"[""https://papers.phmsociety.org/index.php/phmconf/article/download/3207/phmc_22_3207""]",,phm-2022-3207,,,,,,[],False,True,0,full_text,False,phm,pypdf,Feasibility of Low-cost Vibration Monitoring for Ground Vehicles,Technical Research Papers,2022
Final labels were computed from extracted full paper text.,True,full_text,https://papers.phmsociety.org/index.php/phmconf/article/view/3304,1,0,0,0,0,0.92,A1,A pre-release version of the framework is available at https://github.com/darrahts/data,"[""ownership_link""]","[""https://github.com/darrahts/data""]",openai/gpt-4o-mini:A1@0.92; anthropic/claude-3.5-haiku:A1@0.87; google/gemini-1.5-flash:A1@0.82,0,0,0,0,1,0.75,A5,True,,C-MAPSS,The Commercial Modular Aero-Propulsion System Simulation (CMAPSS) dataset has been available for quite some time but lacked real-world flight characteristics and multisource degradation.,True,The Commercial Modular Aero-Propulsion System Simulation (CMAPSS) dataset has been available for quite some time but lacked real-world flight characteristics and multisource degradation.,named_benchmark,"[""not_mentioned""]","[""https://github.com/darrahts/data""]",openai/gpt-4o-mini:A5@0.75; anthropic/claude-3.5-haiku:A5@0.70; google/gemini-1.5-flash:A5@0.65,10.36001/phmconf.2022.v14i1.3304,data/processed/phm_society_conf/2022/audit/papers.jsonl#phm-2022-3304,openai/gpt-4o-mini:A1@0.92; anthropic/claude-3.5-haiku:A1@0.87; google/gemini-1.5-flash:A1@0.82 | openai/gpt-4o-mini:A5@0.75; anthropic/claude-3.5-haiku:A5@0.70; google/gemini-1.5-flash:A5@0.65,"[""https://papers.phmsociety.org/index.php/phmconf/article/download/3304/phmc_22_3304""]",A pre-release version of the framework is available at https://github.com/darrahts/data,phm-2022-3304,,,,,,[],False,True,4,full_text,False,phm,pypdf,Developing Deep Learning Models for System Remaining Useful Life Predictions: Application to Aircraft Engines,Technical Research Papers,2022
Final labels were computed from extracted full paper text.,True,full_text,https://papers.phmsociety.org/index.php/phmconf/article/view/3239,0,0,0,0,1,0.75,A5,,"[""not_mentioned""]",[],openai/gpt-4o-mini:A5@0.75; anthropic/claude-3.5-haiku:A5@0.70; google/gemini-1.5-flash:A5@0.65,0,0,0,0,1,0.75,A5,False,,,,False,,,"[""not_mentioned""]",[],openai/gpt-4o-mini:A5@0.75; anthropic/claude-3.5-haiku:A5@0.70; google/gemini-1.5-flash:A5@0.65,10.36001/phmconf.2022.v14i1.3239,data/processed/phm_society_conf/2022/audit/papers.jsonl#phm-2022-3239,openai/gpt-4o-mini:A5@0.75; anthropic/claude-3.5-haiku:A5@0.70; google/gemini-1.5-flash:A5@0.65 | openai/gpt-4o-mini:A5@0.75; anthropic/claude-3.5-haiku:A5@0.70; google/gemini-1.5-flash:A5@0.65,"[""https://papers.phmsociety.org/index.php/phmconf/article/download/3239/phmc_22_3239""]",,phm-2022-3239,,,,,,[],False,True,0,full_text,False,phm,pypdf,SafeMAP: Safe Multi-Agent Planning framework based on Dynamic Probabilistic Risk Assessment,Technical Research Papers,2022
Final labels were computed from extracted full paper text.,True,full_text,https://papers.phmsociety.org/index.php/phmconf/article/view/3287,0,0,0,0,1,0.75,A5,,"[""not_mentioned""]",[],openai/gpt-4o-mini:A5@0.75; anthropic/claude-3.5-haiku:A5@0.70; google/gemini-1.5-flash:A5@0.65,0,0,0,0,1,0.75,A5,False,,,,False,,,"[""not_mentioned""]",[],openai/gpt-4o-mini:A5@0.75; anthropic/claude-3.5-haiku:A5@0.70; google/gemini-1.5-flash:A5@0.65,10.36001/phmconf.2022.v14i1.3287,data/processed/phm_society_conf/2022/audit/papers.jsonl#phm-2022-3287,openai/gpt-4o-mini:A5@0.75; anthropic/claude-3.5-haiku:A5@0.70; google/gemini-1.5-flash:A5@0.65 | openai/gpt-4o-mini:A5@0.75; anthropic/claude-3.5-haiku:A5@0.70; google/gemini-1.5-flash:A5@0.65,"[""https://papers.phmsociety.org/index.php/phmconf/article/download/3287/phmc_22_3287""]",,phm-2022-3287,,,,,,[],False,True,0,full_text,False,phm,pypdf,A Control Approach to Fault Disambiguation,Technical Research Papers,2022
Final labels were computed from extracted full paper text.,True,full_text,https://papers.phmsociety.org/index.php/phmconf/article/view/3171,0,0,0,0,1,0.75,A5,,"[""not_mentioned""]",[],openai/gpt-4o-mini:A5@0.75; anthropic/claude-3.5-haiku:A5@0.70; google/gemini-1.5-flash:A5@0.65,0,0,0,0,1,0.75,A5,False,,,,False,,,"[""not_mentioned""]",[],openai/gpt-4o-mini:A5@0.75; anthropic/claude-3.5-haiku:A5@0.70; google/gemini-1.5-flash:A5@0.65,10.36001/phmconf.2022.v14i1.3171,data/processed/phm_society_conf/2022/audit/papers.jsonl#phm-2022-3171,openai/gpt-4o-mini:A5@0.75; anthropic/claude-3.5-haiku:A5@0.70; google/gemini-1.5-flash:A5@0.65 | openai/gpt-4o-mini:A5@0.75; anthropic/claude-3.5-haiku:A5@0.70; google/gemini-1.5-flash:A5@0.65,"[""https://papers.phmsociety.org/index.php/phmconf/article/download/3171/phmc_22_3171""]",,phm-2022-3171,,,,,,[],False,True,0,full_text,False,phm,pypdf,Wheel Bearing Fault Detection for Automobiles using Wheel Speed Sensor,Technical Research Papers,2022
Final labels were computed from extracted full paper text.,True,full_text,https://papers.phmsociety.org/index.php/phmconf/article/view/3236,0,1,0,0,0,0.65,A2,"sists of both engines and both motors operating the whole time. Possible engine configurations will be referred to E1, E2 or E12 indicating which engines are 2 https://github.com/JuliaPOMDP/POMDPs.jl operating (respectively engine 1, engine","[""ambiguous_public_claim""]","[""https://github.com/JuliaPOMDP/POMDPs.jl""]",openai/gpt-4o-mini:A2@0.65; anthropic/claude-3.5-haiku:A2@0.60; google/gemini-1.5-flash:A2@0.55,0,0,0,0,1,0.75,A5,False,,,,False,,,"[""not_mentioned""]","[""https://www.mathworks.com/help/autoblks/propulsion.html"", ""https://github.com/JuliaPOMDP/POMDPs.jl""]",openai/gpt-4o-mini:A5@0.75; anthropic/claude-3.5-haiku:A5@0.70; google/gemini-1.5-flash:A5@0.65,10.36001/phmconf.2022.v14i1.3236,data/processed/phm_society_conf/2022/audit/papers.jsonl#phm-2022-3236,openai/gpt-4o-mini:A2@0.65; anthropic/claude-3.5-haiku:A2@0.60; google/gemini-1.5-flash:A2@0.55 | openai/gpt-4o-mini:A5@0.75; anthropic/claude-3.5-haiku:A5@0.70; google/gemini-1.5-flash:A5@0.65,"[""https://papers.phmsociety.org/index.php/phmconf/article/download/3236/phmc_22_3236""]","sists of both engines and both motors operating the whole time. Possible engine configurations will be referred to E1, E2 or E12 indicating which engines are 2 https://github.com/JuliaPOMDP/POMDPs.jl operating (respectively engine 1, engine",phm-2022-3236,,,,,,[],False,True,3,full_text,False,phm,pypdf,Predictive System Reconfiguration for Fulfillment of Future Mission Requirements,Technical Research Papers,2022
Final labels were computed from extracted full paper text.,True,full_text,https://papers.phmsociety.org/index.php/phmconf/article/view/3198,0,0,0,0,1,0.75,A5,,"[""not_mentioned""]",[],openai/gpt-4o-mini:A5@0.75; anthropic/claude-3.5-haiku:A5@0.70; google/gemini-1.5-flash:A5@0.65,0,0,0,0,1,0.75,A5,False,,,,False,,,"[""not_mentioned""]",[],openai/gpt-4o-mini:A5@0.75; anthropic/claude-3.5-haiku:A5@0.70; google/gemini-1.5-flash:A5@0.65,10.36001/phmconf.2022.v14i1.3198,data/processed/phm_society_conf/2022/audit/papers.jsonl#phm-2022-3198,openai/gpt-4o-mini:A5@0.75; anthropic/claude-3.5-haiku:A5@0.70; google/gemini-1.5-flash:A5@0.65 | openai/gpt-4o-mini:A5@0.75; anthropic/claude-3.5-haiku:A5@0.70; google/gemini-1.5-flash:A5@0.65,"[""https://papers.phmsociety.org/index.php/phmconf/article/download/3198/phmc_22_3198""]",,phm-2022-3198,,,,,,[],False,True,0,full_text,False,phm,pypdf,Multi-Kernel based Adaptive Support Vector Machine for Scalable Predictive Maintenance,Technical Research Papers,2022
Final labels were computed from extracted full paper text.,True,full_text,https://papers.phmsociety.org/index.php/phmconf/article/view/3274,0,0,0,0,1,0.75,A5,,"[""not_mentioned""]","[""http://energy.gov/downloads/doe-public-access-plan""]",openai/gpt-4o-mini:A5@0.75; anthropic/claude-3.5-haiku:A5@0.70; google/gemini-1.5-flash:A5@0.65,0,0,0,0,1,0.75,A5,False,,,,False,,,"[""not_mentioned""]","[""http://energy.gov/downloads/doe-public-access-plan""]",openai/gpt-4o-mini:A5@0.75; anthropic/claude-3.5-haiku:A5@0.70; google/gemini-1.5-flash:A5@0.65,10.36001/phmconf.2022.v14i1.3274,data/processed/phm_society_conf/2022/audit/papers.jsonl#phm-2022-3274,openai/gpt-4o-mini:A5@0.75; anthropic/claude-3.5-haiku:A5@0.70; google/gemini-1.5-flash:A5@0.65 | openai/gpt-4o-mini:A5@0.75; anthropic/claude-3.5-haiku:A5@0.70; google/gemini-1.5-flash:A5@0.65,"[""https://papers.phmsociety.org/index.php/phmconf/article/download/3274/phmc_22_3274""]",,phm-2022-3274,,,,,,[],False,True,0,full_text,False,phm,pypdf,A Methodology for Online Sensor Recalibration,Technical Research Papers,2022
Final labels were computed from extracted full paper text.,True,full_text,https://papers.phmsociety.org/index.php/phmconf/article/view/3162,0,0,0,0,1,0.75,A5,,"[""not_mentioned""]",[],openai/gpt-4o-mini:A5@0.75; anthropic/claude-3.5-haiku:A5@0.70; google/gemini-1.5-flash:A5@0.65,0,0,0,0,1,0.75,A5,False,,,,False,,,"[""not_mentioned""]",[],openai/gpt-4o-mini:A5@0.75; anthropic/claude-3.5-haiku:A5@0.70; google/gemini-1.5-flash:A5@0.65,10.36001/phmconf.2022.v14i1.3162,data/processed/phm_society_conf/2022/audit/papers.jsonl#phm-2022-3162,openai/gpt-4o-mini:A5@0.75; anthropic/claude-3.5-haiku:A5@0.70; google/gemini-1.5-flash:A5@0.65 | openai/gpt-4o-mini:A5@0.75; anthropic/claude-3.5-haiku:A5@0.70; google/gemini-1.5-flash:A5@0.65,"[""https://papers.phmsociety.org/index.php/phmconf/article/download/3162/phmc_22_3162""]",,phm-2022-3162,,,,,,[],False,True,0,full_text,False,phm,pypdf,Integrated Vehicle Health Monitoring on a Truck,Technical Research Papers,2022
Final labels were computed from extracted full paper text.,True,full_text,https://papers.phmsociety.org/index.php/phmconf/article/view/3232,0,0,0,0,1,0.75,A5,,"[""not_mentioned""]",[],openai/gpt-4o-mini:A5@0.75; anthropic/claude-3.5-haiku:A5@0.70; google/gemini-1.5-flash:A5@0.65,0,0,0,0,1,0.75,A5,False,,,,False,,,"[""not_mentioned""]",[],openai/gpt-4o-mini:A5@0.75; anthropic/claude-3.5-haiku:A5@0.70; google/gemini-1.5-flash:A5@0.65,10.36001/phmconf.2022.v14i1.3232,data/processed/phm_society_conf/2022/audit/papers.jsonl#phm-2022-3232,openai/gpt-4o-mini:A5@0.75; anthropic/claude-3.5-haiku:A5@0.70; google/gemini-1.5-flash:A5@0.65 | openai/gpt-4o-mini:A5@0.75; anthropic/claude-3.5-haiku:A5@0.70; google/gemini-1.5-flash:A5@0.65,"[""https://papers.phmsociety.org/index.php/phmconf/article/download/3232/phmc_22_3232""]",,phm-2022-3232,,,,,,[],False,True,0,full_text,False,phm,pypdf,Evaluation of NVIDIA Jetson System for Vibration HUMS,Technical Research Papers,2022
Final labels were computed from extracted full paper text.,True,full_text,https://papers.phmsociety.org/index.php/phmconf/article/view/3195,0,0,0,0,1,0.75,A5,,"[""not_mentioned""]",[],openai/gpt-4o-mini:A5@0.75; anthropic/claude-3.5-haiku:A5@0.70; google/gemini-1.5-flash:A5@0.65,0,0,1,0,0,0.92,A3,False,"The ontology taxonomy is visually provided in the Appendix, and the full ontology including relationships is available upon request to the authors.",,,False,,,"[""available_on_request""]",[],openai/gpt-4o-mini:A3@0.92; anthropic/claude-3.5-haiku:A3@0.87; google/gemini-1.5-flash:A3@0.82,10.36001/phmconf.2022.v14i1.3195,data/processed/phm_society_conf/2022/audit/papers.jsonl#phm-2022-3195,openai/gpt-4o-mini:A5@0.75; anthropic/claude-3.5-haiku:A5@0.70; google/gemini-1.5-flash:A5@0.65 | openai/gpt-4o-mini:A3@0.92; anthropic/claude-3.5-haiku:A3@0.87; google/gemini-1.5-flash:A3@0.82,"[""https://papers.phmsociety.org/index.php/phmconf/article/download/3195/phmc_22_3195""]","The ontology taxonomy is visually provided in the Appendix, and the full ontology including relationships is available upon request to the authors.",phm-2022-3195,,,,,,[],False,True,2,full_text,False,phm,pypdf,An Ontology for Prognostic Health Management in Spacecraft Avionics,Technical Research Papers,2022
Final labels were computed from extracted full paper text.,True,full_text,https://papers.phmsociety.org/index.php/phmconf/article/view/3270,0,0,0,0,1,0.75,A5,,"[""not_mentioned""]","[""http://energy.gov/downloads/doe-public-access-plan""]",openai/gpt-4o-mini:A5@0.75; anthropic/claude-3.5-haiku:A5@0.70; google/gemini-1.5-flash:A5@0.65,0,0,0,0,1,0.75,A5,False,,,,False,,,"[""not_mentioned""]","[""http://energy.gov/downloads/doe-public-access-plan""]",openai/gpt-4o-mini:A5@0.75; anthropic/claude-3.5-haiku:A5@0.70; google/gemini-1.5-flash:A5@0.65,10.36001/phmconf.2022.v14i1.3270,data/processed/phm_society_conf/2022/audit/papers.jsonl#phm-2022-3270,openai/gpt-4o-mini:A5@0.75; anthropic/claude-3.5-haiku:A5@0.70; google/gemini-1.5-flash:A5@0.65 | openai/gpt-4o-mini:A5@0.75; anthropic/claude-3.5-haiku:A5@0.70; google/gemini-1.5-flash:A5@0.65,"[""https://papers.phmsociety.org/index.php/phmconf/article/download/3270/phmc_22_3270""]",,phm-2022-3270,,,,,,[],False,True,0,full_text,False,phm,pypdf,Application of Convolutional and Feedforward Neural Networks for Fault Detection in Particle Accelerator Power Systems,Technical Research Papers,2022
Final labels were computed from extracted full paper text.,True,full_text,https://papers.phmsociety.org/index.php/phmconf/article/view/3159,0,0,0,0,1,0.75,A5,,"[""not_mentioned""]",[],openai/gpt-4o-mini:A5@0.75; anthropic/claude-3.5-haiku:A5@0.70; google/gemini-1.5-flash:A5@0.65,0,0,0,0,1,0.75,A5,False,,,,False,,,"[""not_mentioned""]",[],openai/gpt-4o-mini:A5@0.75; anthropic/claude-3.5-haiku:A5@0.70; google/gemini-1.5-flash:A5@0.65,10.36001/phmconf.2022.v14i1.3159,data/processed/phm_society_conf/2022/audit/papers.jsonl#phm-2022-3159,openai/gpt-4o-mini:A5@0.75; anthropic/claude-3.5-haiku:A5@0.70; google/gemini-1.5-flash:A5@0.65 | openai/gpt-4o-mini:A5@0.75; anthropic/claude-3.5-haiku:A5@0.70; google/gemini-1.5-flash:A5@0.65,"[""https://papers.phmsociety.org/index.php/phmconf/article/download/3159/phmc_22_3159""]",,phm-2022-3159,,,,,,[],False,True,0,full_text,False,phm,pypdf,Mixed Initiative Approach for Reliable Tagging of Maintenance Records with Machine Learning,Technical Research Papers,2022
Final labels were computed from extracted full paper text.,True,full_text,https://papers.phmsociety.org/index.php/phmconf/article/view/3257,0,0,0,0,1,0.75,A5,,"[""not_mentioned""]",[],openai/gpt-4o-mini:A5@0.75; anthropic/claude-3.5-haiku:A5@0.70; google/gemini-1.5-flash:A5@0.65,0,0,0,0,1,0.75,A5,False,,,,False,,,"[""not_mentioned""]",[],openai/gpt-4o-mini:A5@0.75; anthropic/claude-3.5-haiku:A5@0.70; google/gemini-1.5-flash:A5@0.65,10.36001/phmconf.2022.v14i1.3257,data/processed/phm_society_conf/2022/audit/papers.jsonl#phm-2022-3257,openai/gpt-4o-mini:A5@0.75; anthropic/claude-3.5-haiku:A5@0.70; google/gemini-1.5-flash:A5@0.65 | openai/gpt-4o-mini:A5@0.75; anthropic/claude-3.5-haiku:A5@0.70; google/gemini-1.5-flash:A5@0.65,"[""https://papers.phmsociety.org/index.php/phmconf/article/download/3257/phmc_22_3257""]",,phm-2022-3257,,,,,,[],False,True,0,full_text,False,phm,pypdf,A Transfer Learning-Based Rolling Bearing Fault Diagnosis Across Machines,Technical Research Papers,2022
Final labels were computed from extracted full paper text.,True,full_text,https://papers.phmsociety.org/index.php/phmconf/article/view/3154,0,0,0,0,1,0.75,A5,,"[""not_mentioned""]",[],openai/gpt-4o-mini:A5@0.75; anthropic/claude-3.5-haiku:A5@0.70; google/gemini-1.5-flash:A5@0.65,0,0,1,0,0,0.92,A3,False,It is noted that these data will be made available for others for research purposes upon requests from the authors 1.,,,False,,,"[""available_on_request""]",[],openai/gpt-4o-mini:A3@0.92; anthropic/claude-3.5-haiku:A3@0.87; google/gemini-1.5-flash:A3@0.82,10.36001/phmconf.2022.v14i1.3154,data/processed/phm_society_conf/2022/audit/papers.jsonl#phm-2022-3154,openai/gpt-4o-mini:A5@0.75; anthropic/claude-3.5-haiku:A5@0.70; google/gemini-1.5-flash:A5@0.65 | openai/gpt-4o-mini:A3@0.92; anthropic/claude-3.5-haiku:A3@0.87; google/gemini-1.5-flash:A3@0.82,"[""https://papers.phmsociety.org/index.php/phmconf/article/download/3154/phmc_22_3154""]",It is noted that these data will be made available for others for research purposes upon requests from the authors 1.,phm-2022-3154,,,,,,[],False,True,2,full_text,False,phm,pypdf,A Data-Driven Snapshot Method for State of Health Modelling and Diagnostics of Maritime Battery Systems,Technical Research Papers,2022
Final labels were computed from extracted full paper text.,True,full_text,https://papers.phmsociety.org/index.php/phmconf/article/view/3223,0,0,0,0,1,0.75,A5,,"[""not_mentioned""]",[],openai/gpt-4o-mini:A5@0.75; anthropic/claude-3.5-haiku:A5@0.70; google/gemini-1.5-flash:A5@0.65,0,0,0,0,1,0.75,A5,False,,,,False,,,"[""not_mentioned""]",[],openai/gpt-4o-mini:A5@0.75; anthropic/claude-3.5-haiku:A5@0.70; google/gemini-1.5-flash:A5@0.65,10.36001/phmconf.2022.v14i1.3223,data/processed/phm_society_conf/2022/audit/papers.jsonl#phm-2022-3223,openai/gpt-4o-mini:A5@0.75; anthropic/claude-3.5-haiku:A5@0.70; google/gemini-1.5-flash:A5@0.65 | openai/gpt-4o-mini:A5@0.75; anthropic/claude-3.5-haiku:A5@0.70; google/gemini-1.5-flash:A5@0.65,"[""https://papers.phmsociety.org/index.php/phmconf/article/download/3223/phmc_22_3223"", ""https://papers.phmsociety.org/index.php/phmconf/article/download/3223/2058""]",,phm-2022-3223,,,,,,[],False,True,0,full_text,False,phm,pypdf,A Causal Approach to Integrate Component Health Data into System Reliability Models,Technical Research Papers,2022
Final labels were computed from extracted full paper text.,True,full_text,https://papers.phmsociety.org/index.php/phmconf/article/view/3187,0,0,0,0,1,0.75,A5,,"[""not_mentioned""]",[],openai/gpt-4o-mini:A5@0.75; anthropic/claude-3.5-haiku:A5@0.70; google/gemini-1.5-flash:A5@0.65,0,0,0,1,0,0.95,A4,False,"Experiments on Wind Turbine Failure Dataset (WF) To conduct a systematic comparison between our PSTC and the baselines on partially supervised setting, we perform experiments on a confidentially labeled data set collected from wind turbines.",,,False,,,"[""explicitly_unavailable""]",[],openai/gpt-4o-mini:A4@0.95; anthropic/claude-3.5-haiku:A4@0.90; google/gemini-1.5-flash:A4@0.85,10.36001/phmconf.2022.v14i1.3187,data/processed/phm_society_conf/2022/audit/papers.jsonl#phm-2022-3187,openai/gpt-4o-mini:A5@0.75; anthropic/claude-3.5-haiku:A5@0.70; google/gemini-1.5-flash:A5@0.65 | openai/gpt-4o-mini:A4@0.95; anthropic/claude-3.5-haiku:A4@0.90; google/gemini-1.5-flash:A4@0.85,"[""https://papers.phmsociety.org/index.php/phmconf/article/download/3187/phmc_22_3187""]","Experiments on Wind Turbine Failure Dataset (WF) To conduct a systematic comparison between our PSTC and the baselines on partially supervised setting, we perform experiments on a confidentially labeled data set collected from wind turbines.",phm-2022-3187,,,,,,[],False,True,1,full_text,False,phm,pypdf,Partially Supervised Classification for Industrial System using Deep Neural Network,Technical Research Papers,2022
Final labels were computed from extracted full paper text.,True,full_text,https://papers.phmsociety.org/index.php/phmconf/article/view/3218,0,0,0,0,1,0.75,A5,,"[""not_mentioned""]",[],openai/gpt-4o-mini:A5@0.75; anthropic/claude-3.5-haiku:A5@0.70; google/gemini-1.5-flash:A5@0.65,0,0,0,0,1,0.75,A5,False,,,,False,,,"[""not_mentioned""]",[],openai/gpt-4o-mini:A5@0.75; anthropic/claude-3.5-haiku:A5@0.70; google/gemini-1.5-flash:A5@0.65,10.36001/phmconf.2022.v14i1.3218,data/processed/phm_society_conf/2022/audit/papers.jsonl#phm-2022-3218,openai/gpt-4o-mini:A5@0.75; anthropic/claude-3.5-haiku:A5@0.70; google/gemini-1.5-flash:A5@0.65 | openai/gpt-4o-mini:A5@0.75; anthropic/claude-3.5-haiku:A5@0.70; google/gemini-1.5-flash:A5@0.65,"[""https://papers.phmsociety.org/index.php/phmconf/article/download/3218/2017""]",,phm-2022-3218,,,,,,[],False,True,0,full_text,False,phm,pypdf,Equipment Vibration Condition Monitoring Technology Based on Spectrum Image Deep Learning Models,Technical Research Papers,2022
Final labels were computed from extracted full paper text.,True,full_text,https://papers.phmsociety.org/index.php/phmconf/article/view/3180,0,0,0,0,1,0.75,A5,,"[""not_mentioned""]",[],openai/gpt-4o-mini:A5@0.75; anthropic/claude-3.5-haiku:A5@0.70; google/gemini-1.5-flash:A5@0.65,0,0,0,0,1,0.75,A5,False,,,,False,,,"[""not_mentioned""]",[],openai/gpt-4o-mini:A5@0.75; anthropic/claude-3.5-haiku:A5@0.70; google/gemini-1.5-flash:A5@0.65,10.36001/phmconf.2022.v14i1.3180,data/processed/phm_society_conf/2022/audit/papers.jsonl#phm-2022-3180,openai/gpt-4o-mini:A5@0.75; anthropic/claude-3.5-haiku:A5@0.70; google/gemini-1.5-flash:A5@0.65 | openai/gpt-4o-mini:A5@0.75; anthropic/claude-3.5-haiku:A5@0.70; google/gemini-1.5-flash:A5@0.65,"[""https://papers.phmsociety.org/index.php/phmconf/article/download/3180/2055""]",,phm-2022-3180,,,,,,[],False,True,0,full_text,False,phm,pypdf,Fault Injection Method and Ground-truth Development to Enable a Low-cost Bearing Fault Monitoring System in the Automotive Industry,Technical Research Papers,2022
Final labels were computed from extracted full paper text.,True,full_text,https://papers.phmsociety.org/index.php/phmconf/article/view/3249,0,1,0,0,0,0.65,A2,"ny combination between events and SSC health information linked by a causal relationship. 1 In this work, we are employing three main Python libraries: STANZA (https://stanfordnlp.github.io/stanza/), NLTK (www.nltk.org), and SPACY (https://","[""ambiguous_public_claim""]","[""https://stanfordnlp.github.io/stanza/"", ""https://www.nltk.org"", ""https://spacy.io""]",openai/gpt-4o-mini:A2@0.65; anthropic/claude-3.5-haiku:A2@0.60; google/gemini-1.5-flash:A2@0.55,0,0,0,0,1,0.75,A5,False,,,,False,,,"[""not_mentioned""]","[""https://stanfordnlp.github.io/stanza/"", ""https://www.nltk.org"", ""https://spacy.io""]",openai/gpt-4o-mini:A5@0.75; anthropic/claude-3.5-haiku:A5@0.70; google/gemini-1.5-flash:A5@0.65,10.36001/phmconf.2022.v14i1.3249,data/processed/phm_society_conf/2022/audit/papers.jsonl#phm-2022-3249,openai/gpt-4o-mini:A2@0.65; anthropic/claude-3.5-haiku:A2@0.60; google/gemini-1.5-flash:A2@0.55 | openai/gpt-4o-mini:A5@0.75; anthropic/claude-3.5-haiku:A5@0.70; google/gemini-1.5-flash:A5@0.65,"[""https://papers.phmsociety.org/index.php/phmconf/article/download/3249/phmc_22_3249"", ""https://papers.phmsociety.org/index.php/phmconf/article/download/3249/2059""]","ny combination between events and SSC health information linked by a causal relationship. 1 In this work, we are employing three main Python libraries: STANZA (https://stanfordnlp.github.io/stanza/), NLTK (www.nltk.org), and SPACY (https://",phm-2022-3249,,,,,,[],False,True,3,full_text,False,phm,pypdf,A Model Based Approach to Extract Health Information from Textual Data,Technical Research Papers,2022
Final labels were computed from extracted full paper text.,True,full_text,https://papers.phmsociety.org/index.php/phmconf/article/view/3142,0,0,0,0,1,0.75,A5,,"[""not_mentioned""]",[],openai/gpt-4o-mini:A5@0.75; anthropic/claude-3.5-haiku:A5@0.70; google/gemini-1.5-flash:A5@0.65,0,0,0,0,1,0.75,A5,False,,,,False,,,"[""not_mentioned""]",[],openai/gpt-4o-mini:A5@0.75; anthropic/claude-3.5-haiku:A5@0.70; google/gemini-1.5-flash:A5@0.65,10.36001/phmconf.2022.v14i1.3142,data/processed/phm_society_conf/2022/audit/papers.jsonl#phm-2022-3142,openai/gpt-4o-mini:A5@0.75; anthropic/claude-3.5-haiku:A5@0.70; google/gemini-1.5-flash:A5@0.65 | openai/gpt-4o-mini:A5@0.75; anthropic/claude-3.5-haiku:A5@0.70; google/gemini-1.5-flash:A5@0.65,"[""https://papers.phmsociety.org/index.php/phmconf/article/download/3142/phmc_22_3142""]",,phm-2022-3142,,,,,,[],False,True,0,full_text,False,phm,pypdf,A Framework to Rank Prognostics Health Indicators with Application to Brake Rotors,Technical Research Papers,2022
Final labels were computed from extracted full paper text.,True,full_text,https://papers.phmsociety.org/index.php/phmconf/article/view/3177,0,0,0,0,1,0.75,A5,,"[""not_mentioned""]",[],openai/gpt-4o-mini:A5@0.75; anthropic/claude-3.5-haiku:A5@0.70; google/gemini-1.5-flash:A5@0.65,0,0,0,0,1,0.75,A5,False,,,,False,,,"[""not_mentioned""]",[],openai/gpt-4o-mini:A5@0.75; anthropic/claude-3.5-haiku:A5@0.70; google/gemini-1.5-flash:A5@0.65,10.36001/phmconf.2022.v14i1.3177,data/processed/phm_society_conf/2022/audit/papers.jsonl#phm-2022-3177,openai/gpt-4o-mini:A5@0.75; anthropic/claude-3.5-haiku:A5@0.70; google/gemini-1.5-flash:A5@0.65 | openai/gpt-4o-mini:A5@0.75; anthropic/claude-3.5-haiku:A5@0.70; google/gemini-1.5-flash:A5@0.65,"[""https://papers.phmsociety.org/index.php/phmconf/article/download/3177/phmc_22_3177""]",,phm-2022-3177,,,,,,[],False,True,0,full_text,False,phm,pypdf,A Novel Technique for Data Quality Improvement in Human Health PHM,Technical Research Papers,2022
Final labels were computed from extracted full paper text.,True,full_text,https://papers.phmsociety.org/index.php/phmconf/article/view/3242,0,0,0,0,1,0.75,A5,,"[""not_mentioned""]",[],openai/gpt-4o-mini:A5@0.75; anthropic/claude-3.5-haiku:A5@0.70; google/gemini-1.5-flash:A5@0.65,0,0,0,0,1,0.75,A5,False,,,,False,,,"[""not_mentioned""]",[],openai/gpt-4o-mini:A5@0.75; anthropic/claude-3.5-haiku:A5@0.70; google/gemini-1.5-flash:A5@0.65,10.36001/phmconf.2022.v14i1.3242,data/processed/phm_society_conf/2022/audit/papers.jsonl#phm-2022-3242,openai/gpt-4o-mini:A5@0.75; anthropic/claude-3.5-haiku:A5@0.70; google/gemini-1.5-flash:A5@0.65 | openai/gpt-4o-mini:A5@0.75; anthropic/claude-3.5-haiku:A5@0.70; google/gemini-1.5-flash:A5@0.65,"[""https://papers.phmsociety.org/index.php/phmconf/article/download/3242/phmc_22_3242""]",,phm-2022-3242,,,,,,[],False,True,0,full_text,False,phm,pypdf,TireEye: Optical On-board Tire Wear Detection,Technical Research Papers,2022
Final labels were computed from extracted full paper text.,True,full_text,https://papers.phmsociety.org/index.php/phmconf/article/view/3378,0,0,0,0,1,0.75,A5,,"[""not_mentioned""]",[],openai/gpt-4o-mini:A5@0.75; anthropic/claude-3.5-haiku:A5@0.70; google/gemini-1.5-flash:A5@0.65,0,0,0,0,1,0.75,A5,False,,,,False,,,"[""not_mentioned""]",[],openai/gpt-4o-mini:A5@0.75; anthropic/claude-3.5-haiku:A5@0.70; google/gemini-1.5-flash:A5@0.65,10.36001/phmconf.2022.v14i1.3378,data/processed/phm_society_conf/2022/audit/papers.jsonl#phm-2022-3378,openai/gpt-4o-mini:A5@0.75; anthropic/claude-3.5-haiku:A5@0.70; google/gemini-1.5-flash:A5@0.65 | openai/gpt-4o-mini:A5@0.75; anthropic/claude-3.5-haiku:A5@0.70; google/gemini-1.5-flash:A5@0.65,"[""https://papers.phmsociety.org/index.php/phmconf/article/download/3378/phmc_22_3378""]",,phm-2022-3378,,,,,,[],False,True,0,full_text,False,phm,pypdf,A Fault Detection Technique based on Deep Transfer Learning from Experimental Linear Actuator to Real-World Railway Door Systems,Technical Research Papers,2022
Final labels were computed from extracted full paper text.,True,full_text,https://papers.phmsociety.org/index.php/phmconf/article/view/3175,0,0,0,0,1,0.75,A5,,"[""not_mentioned""]",[],openai/gpt-4o-mini:A5@0.75; anthropic/claude-3.5-haiku:A5@0.70; google/gemini-1.5-flash:A5@0.65,0,0,0,0,1,0.75,A5,False,,,,False,,,"[""not_mentioned""]",[],openai/gpt-4o-mini:A5@0.75; anthropic/claude-3.5-haiku:A5@0.70; google/gemini-1.5-flash:A5@0.65,10.36001/phmconf.2022.v14i1.3175,data/processed/phm_society_conf/2022/audit/papers.jsonl#phm-2022-3175,openai/gpt-4o-mini:A5@0.75; anthropic/claude-3.5-haiku:A5@0.70; google/gemini-1.5-flash:A5@0.65 | openai/gpt-4o-mini:A5@0.75; anthropic/claude-3.5-haiku:A5@0.70; google/gemini-1.5-flash:A5@0.65,"[""https://papers.phmsociety.org/index.php/phmconf/article/download/3175/phmc_22_3175""]",,phm-2022-3175,,,,,,[],False,True,0,full_text,False,phm,pypdf,A Gentle Correctness Verification of the Theory of Uncertain Event Prognosis to Compute Failure Time Probability,Technical Research Papers,2022
Final labels were computed from extracted full paper text.,True,full_text,https://papers.phmsociety.org/index.php/phmconf/article/view/3240,0,0,0,0,1,0.75,A5,,"[""not_mentioned""]",[],openai/gpt-4o-mini:A5@0.75; anthropic/claude-3.5-haiku:A5@0.70; google/gemini-1.5-flash:A5@0.65,0,0,0,0,1,0.75,A5,False,,,,False,,,"[""not_mentioned""]",[],openai/gpt-4o-mini:A5@0.75; anthropic/claude-3.5-haiku:A5@0.70; google/gemini-1.5-flash:A5@0.65,10.36001/phmconf.2022.v14i1.3240,data/processed/phm_society_conf/2022/audit/papers.jsonl#phm-2022-3240,openai/gpt-4o-mini:A5@0.75; anthropic/claude-3.5-haiku:A5@0.70; google/gemini-1.5-flash:A5@0.65 | openai/gpt-4o-mini:A5@0.75; anthropic/claude-3.5-haiku:A5@0.70; google/gemini-1.5-flash:A5@0.65,"[""https://papers.phmsociety.org/index.php/phmconf/article/download/3240/phmc_22_3240""]",,phm-2022-3240,,,,,,[],False,True,0,full_text,False,phm,pypdf,An Assessment of Different Reinforcement Learning Methods for Creating a Decision Support System Based on the Petri Net Model,Technical Research Papers,2022
Final labels were computed from extracted full paper text.,True,full_text,https://papers.phmsociety.org/index.php/phmconf/article/view/3204,0,0,0,0,1,0.75,A5,,"[""not_mentioned""]",[],openai/gpt-4o-mini:A5@0.75; anthropic/claude-3.5-haiku:A5@0.70; google/gemini-1.5-flash:A5@0.65,0,0,0,0,1,0.75,A5,False,,,,False,,,"[""not_mentioned""]",[],openai/gpt-4o-mini:A5@0.75; anthropic/claude-3.5-haiku:A5@0.70; google/gemini-1.5-flash:A5@0.65,10.36001/phmconf.2022.v14i1.3204,data/processed/phm_society_conf/2022/audit/papers.jsonl#phm-2022-3204,openai/gpt-4o-mini:A5@0.75; anthropic/claude-3.5-haiku:A5@0.70; google/gemini-1.5-flash:A5@0.65 | openai/gpt-4o-mini:A5@0.75; anthropic/claude-3.5-haiku:A5@0.70; google/gemini-1.5-flash:A5@0.65,"[""https://papers.phmsociety.org/index.php/phmconf/article/download/3204/phmc_22_3204""]",,phm-2022-3204,,,,,,[],False,True,0,full_text,False,phm,pypdf,Learning Data-Driven Model of Damped Coupled Oscillators from System Impulse Response,Technical Research Papers,2022
Final labels were computed from extracted full paper text.,True,full_text,https://papers.phmsociety.org/index.php/phmconf/article/view/3289,0,0,0,0,1,0.75,A5,,"[""not_mentioned""]",[],openai/gpt-4o-mini:A5@0.75; anthropic/claude-3.5-haiku:A5@0.70; google/gemini-1.5-flash:A5@0.65,0,0,0,0,1,0.75,A5,False,,,,False,,,"[""not_mentioned""]",[],openai/gpt-4o-mini:A5@0.75; anthropic/claude-3.5-haiku:A5@0.70; google/gemini-1.5-flash:A5@0.65,10.36001/phmconf.2022.v14i1.3289,data/processed/phm_society_conf/2022/audit/papers.jsonl#phm-2022-3289,openai/gpt-4o-mini:A5@0.75; anthropic/claude-3.5-haiku:A5@0.70; google/gemini-1.5-flash:A5@0.65 | openai/gpt-4o-mini:A5@0.75; anthropic/claude-3.5-haiku:A5@0.70; google/gemini-1.5-flash:A5@0.65,"[""https://papers.phmsociety.org/index.php/phmconf/article/download/3289/phmc_22_3289""]",,phm-2022-3289,,,,,,[],False,True,0,full_text,False,phm,pypdf,Evaluation of Different PHM Strategies on the Performances of a Prognostic Framework for Electro-Hydraulic Actuators for Stability Control Augmentation Systems,Technical Research Papers,2022
Final labels were computed from extracted full paper text.,True,full_text,https://papers.phmsociety.org/index.php/phmconf/article/view/3173,0,0,0,0,1,0.75,A5,,"[""standard_tool_link""]","[""https://ti.arc.nasa.gov/tech/dash/pcoe/prognostic-data-repository/"", ""https://scikit-learn.org/stable/modules/generated"", ""https://docs.scipy.org/doc/scipy/reference/generated/scipy.stats.kurtosis.html""]",openai/gpt-4o-mini:A5@0.75; anthropic/claude-3.5-haiku:A5@0.70; google/gemini-1.5-flash:A5@0.65,0,0,0,0,1,0.75,A5,True,,IMS,"D ATASETS As mentioned earlier two datasets will be used in this study: 1) the publicly available IMS dataset, 2) a novel and unique run-to-failure bearing dataset.",True,"D ATASETS As mentioned earlier two datasets will be used in this study: 1) the publicly available IMS dataset, 2) a novel and unique run-to-failure bearing dataset.",named_benchmark,"[""standard_tool_link""]","[""https://ti.arc.nasa.gov/tech/dash/pcoe/prognostic-data-repository/"", ""https://scikit-learn.org/stable/modules/generated"", ""https://docs.scipy.org/doc/scipy/reference/generated/scipy.stats.kurtosis.html""]",openai/gpt-4o-mini:A5@0.75; anthropic/claude-3.5-haiku:A5@0.70; google/gemini-1.5-flash:A5@0.65,10.36001/phmconf.2022.v14i1.3173,data/processed/phm_society_conf/2022/audit/papers.jsonl#phm-2022-3173,openai/gpt-4o-mini:A5@0.75; anthropic/claude-3.5-haiku:A5@0.70; google/gemini-1.5-flash:A5@0.65 | openai/gpt-4o-mini:A5@0.75; anthropic/claude-3.5-haiku:A5@0.70; google/gemini-1.5-flash:A5@0.65,"[""https://papers.phmsociety.org/index.php/phmconf/article/download/3173/phmc_22_3173""]",,phm-2022-3173,,,,,,[],False,True,0,full_text,False,phm,pypdf,Accelerometer-Based Bearing Condition Indicator Estimation Using Semi-Supervised Adaptive DSVDD,Technical Research Papers,2022
Final labels were computed from extracted full paper text.,True,full_text,https://papers.phmsociety.org/index.php/phmconf/article/view/3238,0,0,0,0,1,0.75,A5,,"[""not_mentioned""]","[""https://ti.arc.nasa.gov/tech/dash/groups/pcoe/prognosticdata-repository/""]",openai/gpt-4o-mini:A5@0.75; anthropic/claude-3.5-haiku:A5@0.70; google/gemini-1.5-flash:A5@0.65,0,0,0,0,1,0.75,A5,False,,,,False,,,"[""standard_benchmark_link""]","[""https://ti.arc.nasa.gov/tech/dash/groups/pcoe/prognosticdata-repository/""]",openai/gpt-4o-mini:A5@0.75; anthropic/claude-3.5-haiku:A5@0.70; google/gemini-1.5-flash:A5@0.65,10.36001/phmconf.2022.v14i1.3238,data/processed/phm_society_conf/2022/audit/papers.jsonl#phm-2022-3238,openai/gpt-4o-mini:A5@0.75; anthropic/claude-3.5-haiku:A5@0.70; google/gemini-1.5-flash:A5@0.65 | openai/gpt-4o-mini:A5@0.75; anthropic/claude-3.5-haiku:A5@0.70; google/gemini-1.5-flash:A5@0.65,"[""https://papers.phmsociety.org/index.php/phmconf/article/download/3238/phmc_22_3238""]",,phm-2022-3238,,,,,,[],False,True,0,full_text,False,phm,pypdf,Enabling in-time prognostics with surrogate modeling through physics-enhanced Dynamic Mode Decomposition method,Technical Research Papers,2022
Final labels were computed from extracted full paper text.,True,full_text,https://papers.phmsociety.org/index.php/phmconf/article/view/3199,0,0,0,0,1,0.75,A5,,"[""not_mentioned""]",[],openai/gpt-4o-mini:A5@0.75; anthropic/claude-3.5-haiku:A5@0.70; google/gemini-1.5-flash:A5@0.65,0,0,0,0,1,0.75,A5,False,,,,False,,,"[""not_mentioned""]",[],openai/gpt-4o-mini:A5@0.75; anthropic/claude-3.5-haiku:A5@0.70; google/gemini-1.5-flash:A5@0.65,10.36001/phmconf.2022.v14i1.3199,data/processed/phm_society_conf/2022/audit/papers.jsonl#phm-2022-3199,openai/gpt-4o-mini:A5@0.75; anthropic/claude-3.5-haiku:A5@0.70; google/gemini-1.5-flash:A5@0.65 | openai/gpt-4o-mini:A5@0.75; anthropic/claude-3.5-haiku:A5@0.70; google/gemini-1.5-flash:A5@0.65,"[""https://papers.phmsociety.org/index.php/phmconf/article/download/3199/phmc_22_3199""]",,phm-2022-3199,,,,,,[],False,True,0,full_text,False,phm,pypdf,A Framework for Evaluating Analytic Hyperparameters,Technical Research Papers,2022
Final labels were computed from extracted full paper text.,True,full_text,https://papers.phmsociety.org/index.php/phmconf/article/view/3275,0,1,0,0,0,0.65,A2,"t deterministic values but a density function. The number of samples that we draw from this output is chosen by the user, and in our case they can be found in 1https://github.com/krasserm/bayesian-machine-learning - Variational Inference in","[""ambiguous_public_claim""]","[""https://github.com/krasserm/bayesian-machine-learning"", ""https://github.com/HIPS/Probabilistic-Backpropagation"", ""https://github.com/AdamCobb/hamiltorch""]",openai/gpt-4o-mini:A2@0.65; anthropic/claude-3.5-haiku:A2@0.60; google/gemini-1.5-flash:A2@0.55,0,0,0,0,1,0.75,A5,False,,,,True,"The data used are taken from the NASA Ames Prognostics Data Repository (CFRP Composites Dataset) and correspond to the laminates TD19, TD21 and TD22.",public_repository_reference,"[""not_mentioned""]","[""https://github.com/krasserm/bayesian-machine-learning"", ""https://github.com/HIPS/Probabilistic-Backpropagation"", ""https://github.com/AdamCobb/hamiltorch""]",openai/gpt-4o-mini:A5@0.75; anthropic/claude-3.5-haiku:A5@0.70; google/gemini-1.5-flash:A5@0.65,10.36001/phmconf.2022.v14i1.3275,data/processed/phm_society_conf/2022/audit/papers.jsonl#phm-2022-3275,openai/gpt-4o-mini:A2@0.65; anthropic/claude-3.5-haiku:A2@0.60; google/gemini-1.5-flash:A2@0.55 | openai/gpt-4o-mini:A5@0.75; anthropic/claude-3.5-haiku:A5@0.70; google/gemini-1.5-flash:A5@0.65,"[""https://papers.phmsociety.org/index.php/phmconf/article/download/3275/phmc_22_3275""]","t deterministic values but a density function. The number of samples that we draw from this output is chosen by the user, and in our case they can be found in 1https://github.com/krasserm/bayesian-machine-learning - Variational Inference in",phm-2022-3275,,,,,,[],False,True,3,full_text,False,phm,pypdf,Probabilistic Safety Assessment in Composite Materials using BNN by ABC-SS,Technical Research Papers,2022
Final labels were computed from extracted full paper text.,True,full_text,https://papers.phmsociety.org/index.php/phmconf/article/view/3168,0,0,0,0,1,0.75,A5,,"[""not_mentioned""]",[],openai/gpt-4o-mini:A5@0.75; anthropic/claude-3.5-haiku:A5@0.70; google/gemini-1.5-flash:A5@0.65,0,0,0,0,1,0.75,A5,False,,,,False,,,"[""not_mentioned""]",[],openai/gpt-4o-mini:A5@0.75; anthropic/claude-3.5-haiku:A5@0.70; google/gemini-1.5-flash:A5@0.65,10.36001/phmconf.2022.v14i1.3168,data/processed/phm_society_conf/2022/audit/papers.jsonl#phm-2022-3168,openai/gpt-4o-mini:A5@0.75; anthropic/claude-3.5-haiku:A5@0.70; google/gemini-1.5-flash:A5@0.65 | openai/gpt-4o-mini:A5@0.75; anthropic/claude-3.5-haiku:A5@0.70; google/gemini-1.5-flash:A5@0.65,"[""https://papers.phmsociety.org/index.php/phmconf/article/download/3168/phmc_22_3168""]",,phm-2022-3168,,,,,,[],False,True,0,full_text,False,phm,pypdf,Voltage-Based Physical Layer Fault Diagnosis for Controller Area Network,Technical Research Papers,2022
Final labels were computed from extracted full paper text.,True,full_text,https://papers.phmsociety.org/index.php/phmconf/article/view/3235,0,0,0,0,1,0.75,A5,,"[""not_mentioned""]",[],openai/gpt-4o-mini:A5@0.75; anthropic/claude-3.5-haiku:A5@0.70; google/gemini-1.5-flash:A5@0.65,0,0,0,0,1,0.75,A5,False,,,,False,,,"[""not_mentioned""]",[],openai/gpt-4o-mini:A5@0.75; anthropic/claude-3.5-haiku:A5@0.70; google/gemini-1.5-flash:A5@0.65,10.36001/phmconf.2022.v14i1.3235,data/processed/phm_society_conf/2022/audit/papers.jsonl#phm-2022-3235,openai/gpt-4o-mini:A5@0.75; anthropic/claude-3.5-haiku:A5@0.70; google/gemini-1.5-flash:A5@0.65 | openai/gpt-4o-mini:A5@0.75; anthropic/claude-3.5-haiku:A5@0.70; google/gemini-1.5-flash:A5@0.65,"[""https://papers.phmsociety.org/index.php/phmconf/article/download/3235/phmc_22_3235""]",,phm-2022-3235,,,,,,[],False,True,0,full_text,False,phm,pypdf,Physics Informed Deep Learning for Tracker Fault Detection in Photovoltaic Power Plants,Technical Research Papers,2022
Final labels were computed from extracted full paper text.,True,full_text,https://papers.phmsociety.org/index.php/phmconf/article/view/3196,0,0,0,0,1,0.75,A5,,"[""standard_tool_link""]","[""https://spacy.io/"", ""https://radimrehurek.com/"", ""https://scikit-learn.org/stable/""]",openai/gpt-4o-mini:A5@0.75; anthropic/claude-3.5-haiku:A5@0.70; google/gemini-1.5-flash:A5@0.65,0,0,0,0,1,0.75,A5,False,,,,False,,,"[""standard_tool_link""]","[""https://spacy.io/"", ""https://radimrehurek.com/"", ""https://scikit-learn.org/stable/""]",openai/gpt-4o-mini:A5@0.75; anthropic/claude-3.5-haiku:A5@0.70; google/gemini-1.5-flash:A5@0.65,10.36001/phmconf.2022.v14i1.3196,data/processed/phm_society_conf/2022/audit/papers.jsonl#phm-2022-3196,openai/gpt-4o-mini:A5@0.75; anthropic/claude-3.5-haiku:A5@0.70; google/gemini-1.5-flash:A5@0.65 | openai/gpt-4o-mini:A5@0.75; anthropic/claude-3.5-haiku:A5@0.70; google/gemini-1.5-flash:A5@0.65,"[""https://papers.phmsociety.org/index.php/phmconf/article/download/3196/phmc_22_3196""]",,phm-2022-3196,,,,,,[],False,True,0,full_text,False,phm,pypdf,Evaluating Vector Representations of Short Text Data for Automating Recommendations of Maintenance Cases,Technical Research Papers,2022
Final labels were computed from extracted full paper text.,True,full_text,https://papers.phmsociety.org/index.php/phmconf/article/view/3272,0,0,0,0,1,0.75,A5,,"[""not_mentioned""]",[],openai/gpt-4o-mini:A5@0.75; anthropic/claude-3.5-haiku:A5@0.70; google/gemini-1.5-flash:A5@0.65,0,0,0,0,1,0.75,A5,False,,,,False,,,"[""not_mentioned""]",[],openai/gpt-4o-mini:A5@0.75; anthropic/claude-3.5-haiku:A5@0.70; google/gemini-1.5-flash:A5@0.65,10.36001/phmconf.2022.v14i1.3272,data/processed/phm_society_conf/2022/audit/papers.jsonl#phm-2022-3272,openai/gpt-4o-mini:A5@0.75; anthropic/claude-3.5-haiku:A5@0.70; google/gemini-1.5-flash:A5@0.65 | openai/gpt-4o-mini:A5@0.75; anthropic/claude-3.5-haiku:A5@0.70; google/gemini-1.5-flash:A5@0.65,"[""https://papers.phmsociety.org/index.php/phmconf/article/download/3272/phmc_22_3272""]",,phm-2022-3272,,,,,,[],False,True,0,full_text,False,phm,pypdf,Unsupervised Anomaly Detection Using Batteries in Electric Aerial Vehicle Propulsion Test-Bed,Technical Research Papers,2022
Final labels were computed from extracted full paper text.,True,full_text,https://papers.phmsociety.org/index.php/phmconf/article/view/3161,0,0,0,0,1,0.75,A5,,"[""not_mentioned""]",[],openai/gpt-4o-mini:A5@0.75; anthropic/claude-3.5-haiku:A5@0.70; google/gemini-1.5-flash:A5@0.65,0,0,0,0,1,0.75,A5,False,,,,False,,,"[""not_mentioned""]",[],openai/gpt-4o-mini:A5@0.75; anthropic/claude-3.5-haiku:A5@0.70; google/gemini-1.5-flash:A5@0.65,10.36001/phmconf.2022.v14i1.3161,data/processed/phm_society_conf/2022/audit/papers.jsonl#phm-2022-3161,openai/gpt-4o-mini:A5@0.75; anthropic/claude-3.5-haiku:A5@0.70; google/gemini-1.5-flash:A5@0.65 | openai/gpt-4o-mini:A5@0.75; anthropic/claude-3.5-haiku:A5@0.70; google/gemini-1.5-flash:A5@0.65,"[""https://papers.phmsociety.org/index.php/phmconf/article/download/3161/phmc_22_3161""]",,phm-2022-3161,,,,,,[],False,True,0,full_text,False,phm,pypdf,Improving the Performance of Bearing Fault Detection on a Turbo Shaft Engine,Technical Research Papers,2022
Final labels were computed from extracted full paper text.,True,full_text,https://papers.phmsociety.org/index.php/phmconf/article/view/3230,0,0,0,0,1,0.75,A5,,"[""not_mentioned""]",[],openai/gpt-4o-mini:A5@0.75; anthropic/claude-3.5-haiku:A5@0.70; google/gemini-1.5-flash:A5@0.65,0,0,0,0,1,0.75,A5,True,,CALCE,"EXPERIMENTAL RESULT In order to evaluate the performance associated with the proposed SOH prediction, we used the, publicly available, CALCE dataset provided by Maryland University as well as the dataset we collected based on a battery testing equipment using actual batteries.",True,"EXPERIMENTAL RESULT In order to evaluate the performance associated with the proposed SOH prediction, we used the, publicly available, CALCE dataset provided by Maryland University as well as the dataset we collected based on a battery testing equipment using actual batteries.",named_benchmark,"[""not_mentioned""]",[],openai/gpt-4o-mini:A5@0.75; anthropic/claude-3.5-haiku:A5@0.70; google/gemini-1.5-flash:A5@0.65,10.36001/phmconf.2022.v14i1.3230,data/processed/phm_society_conf/2022/audit/papers.jsonl#phm-2022-3230,openai/gpt-4o-mini:A5@0.75; anthropic/claude-3.5-haiku:A5@0.70; google/gemini-1.5-flash:A5@0.65 | openai/gpt-4o-mini:A5@0.75; anthropic/claude-3.5-haiku:A5@0.70; google/gemini-1.5-flash:A5@0.65,"[""https://papers.phmsociety.org/index.php/phmconf/article/download/3230/phmc_22_3230""]",,phm-2022-3230,,,,,,[],False,True,0,full_text,False,phm,pypdf,Online Battery SOH Prediction under Intra-Cycle Variation of Discharge Current and Non-Standard Charging and Discharging Practices,Technical Research Papers,2022
